merged_df_cowB_gas_df_cowB_therm_2,merged_df_cowB_gas_df_cowB_therm_0,merged_df_cowA_gas_df_cowA_therm_0,merged_df_cowA_gas_df_cowA_therm_2
0.9977749683944375,0.9975498774938747,0.9952307692307693,0.9953
0.9977749683944375,0.9975498774938747,0.9952307692307693,0.9953
